,crude_oil1,crude_oil10,crude_oil11,crude_oil12,crude_oil13,crude_oil14,crude_oil15,crude_oil2,crude_oil3,crude_oil4,crude_oil5,crude_oil6,crude_oil7,crude_oil8,crude_oil9,output
0,37.99,39.74,40.46,42.12,41.7,41.45,40.4,36.91,36.91,36.94,35.36,34.3,34.52,37.74,37.3,39.74
1,37.99,37.3,39.74,40.46,42.12,41.7,41.45,37.99,36.91,36.91,36.94,35.36,34.3,34.52,37.74,40.4
2,38.14,37.74,37.3,39.74,40.46,42.12,41.7,37.99,37.99,36.91,36.91,36.94,35.36,34.3,34.52,41.45
3,38.28,34.52,37.74,37.3,39.74,40.46,42.12,38.14,37.99,37.99,36.91,36.91,36.94,35.36,34.3,41.7
4,41.45,34.3,34.52,37.74,37.3,39.74,40.46,38.28,38.14,37.99,37.99,36.91,36.91,36.94,35.36,42.12
5,39.91,35.36,34.3,34.52,37.74,37.3,39.74,41.45,38.28,38.14,37.99,37.99,36.91,36.91,36.94,40.46
6,39.47,36.94,35.36,34.3,34.52,37.74,37.3,39.91,41.45,38.28,38.14,37.99,37.99,36.91,36.91,39.74
7,40.17,36.91,36.94,35.36,34.3,34.52,37.74,39.47,39.91,41.45,38.28,38.14,37.99,37.99,36.91,37.3
8,38.43,36.91,36.91,36.94,35.36,34.3,34.52,40.17,39.47,39.91,41.45,38.28,38.14,37.99,37.99,37.74
9,36.32,37.99,36.91,36.91,36.94,35.36,34.3,38.43,40.17,39.47,39.91,41.45,38.28,38.14,37.99,34.52
10,37.2,37.99,37.99,36.91,36.91,36.94,35.36,36.32,38.43,40.17,39.47,39.91,41.45,38.28,38.14,34.3
11,38.51,38.14,37.99,37.99,36.91,36.91,36.94,37.2,36.32,38.43,40.17,39.47,39.91,41.45,38.28,35.36
12,37.77,38.28,38.14,37.99,37.99,36.91,36.91,38.51,37.2,36.32,38.43,40.17,39.47,39.91,41.45,36.94
13,37.62,41.45,38.28,38.14,37.99,37.99,36.91,37.77,38.51,37.2,36.32,38.43,40.17,39.47,39.91,36.91
14,36.67,39.91,41.45,38.28,38.14,37.99,37.99,37.62,37.77,38.51,37.2,36.32,38.43,40.17,39.47,36.91
15,37.9,39.47,39.91,41.45,38.28,38.14,37.99,36.67,37.62,37.77,38.51,37.2,36.32,38.43,40.17,37.99
16,35.91,40.17,39.47,39.91,41.45,38.28,38.14,37.9,36.67,37.62,37.77,38.51,37.2,36.32,38.43,37.99
17,34.56,38.43,40.17,39.47,39.91,41.45,38.28,35.91,37.9,36.67,37.62,37.77,38.51,37.2,36.32,38.14
18,34.57,36.32,38.43,40.17,39.47,39.91,41.45,34.56,35.91,37.9,36.67,37.62,37.77,38.51,37.2,38.28
19,34.39,37.2,36.32,38.43,40.17,39.47,39.91,34.57,34.56,35.91,37.9,36.67,37.62,37.77,38.51,41.45
20,32.74,38.51,37.2,36.32,38.43,40.17,39.47,34.39,34.57,34.56,35.91,37.9,36.67,37.62,37.77,39.91
21,31.65,37.77,38.51,37.2,36.32,38.43,40.17,32.74,34.39,34.57,34.56,35.91,37.9,36.67,37.62,39.47
22,31.4,37.62,37.77,38.51,37.2,36.32,38.43,31.65,32.74,34.39,34.57,34.56,35.91,37.9,36.67,40.17
23,30.35,36.67,37.62,37.77,38.51,37.2,36.32,31.4,31.65,32.74,34.39,34.57,34.56,35.91,37.9,38.43
24,31.84,37.9,36.67,37.62,37.77,38.51,37.2,30.35,31.4,31.65,32.74,34.39,34.57,34.56,35.91,36.32
25,31.37,35.91,37.9,36.67,37.62,37.77,38.51,31.84,30.35,31.4,31.65,32.74,34.39,34.57,34.56,37.2
26,29.59,34.56,35.91,37.9,36.67,37.62,37.77,31.37,31.84,30.35,31.4,31.65,32.74,34.39,34.57,38.51
27,30.77,34.57,34.56,35.91,37.9,36.67,37.62,29.59,31.37,31.84,30.35,31.4,31.65,32.74,34.39,37.77
28,30.68,34.39,34.57,34.56,35.91,37.9,36.67,30.77,29.59,31.37,31.84,30.35,31.4,31.65,32.74,37.62
29,29.05,32.74,34.39,34.57,34.56,35.91,37.9,30.68,30.77,29.59,31.37,31.84,30.35,31.4,31.65,36.67
30,29.05,31.65,32.74,34.39,34.57,34.56,35.91,29.05,30.68,30.77,29.59,31.37,31.84,30.35,31.4,37.9
31,29.32,31.4,31.65,32.74,34.39,34.57,34.56,29.05,29.05,30.68,30.77,29.59,31.37,31.84,30.35,35.91
32,26.19,30.35,31.4,31.65,32.74,34.39,34.57,29.32,29.05,29.05,30.68,30.77,29.59,31.37,31.84,34.56
33,27.54,31.84,30.35,31.4,31.65,32.74,34.39,26.19,29.32,29.05,29.05,30.68,30.77,29.59,31.37,34.57
34,27.96,31.37,31.84,30.35,31.4,31.65,32.74,27.54,26.19,29.32,29.05,29.05,30.68,30.77,29.59,34.39
35,29.71,29.59,31.37,31.84,30.35,31.4,31.65,27.96,27.54,26.19,29.32,29.05,29.05,30.68,30.77,32.74
36,30.86,30.77,29.59,31.37,31.84,30.35,31.4,29.71,27.96,27.54,26.19,29.32,29.05,29.05,30.68,31.65
37,31.63,30.68,30.77,29.59,31.37,31.84,30.35,30.86,29.71,27.96,27.54,26.19,29.32,29.05,29.05,31.4
38,32.29,29.05,30.68,30.77,29.59,31.37,31.84,31.63,30.86,29.71,27.96,27.54,26.19,29.32,29.05,30.35
39,29.9,29.05,29.05,30.68,30.77,29.59,31.37,32.29,31.63,30.86,29.71,27.96,27.54,26.19,29.32,31.84
40,31.62,29.32,29.05,29.05,30.68,30.77,29.59,29.9,32.29,31.63,30.86,29.71,27.96,27.54,26.19,31.37
41,33.66,26.19,29.32,29.05,29.05,30.68,30.77,31.62,29.9,32.29,31.63,30.86,29.71,27.96,27.54,29.59
42,33.21,27.54,26.19,29.32,29.05,29.05,30.68,33.66,31.62,29.9,32.29,31.63,30.86,29.71,27.96,30.77
43,32.32,27.96,27.54,26.19,29.32,29.05,29.05,33.21,33.66,31.62,29.9,32.29,31.63,30.86,29.71,30.68
44,29.54,29.71,27.96,27.54,26.19,29.32,29.05,32.32,33.21,33.66,31.62,29.9,32.29,31.63,30.86,29.05
45,30.31,30.86,29.71,27.96,27.54,26.19,29.32,29.54,32.32,33.21,33.66,31.62,29.9,32.29,31.63,29.05
46,32.07,31.63,30.86,29.71,27.96,27.54,26.19,30.31,29.54,32.32,33.21,33.66,31.62,29.9,32.29,29.32
47,29.55,32.29,31.63,30.86,29.71,27.96,27.54,32.07,30.31,29.54,32.32,33.21,33.66,31.62,29.9,26.19
48,26.68,29.9,32.29,31.63,30.86,29.71,27.96,29.55,32.07,30.31,29.54,32.32,33.21,33.66,31.62,27.54
49,28.47,31.62,29.9,32.29,31.63,30.86,29.71,26.68,29.55,32.07,30.31,29.54,32.32,33.21,33.66,27.96
50,28.47,33.66,31.62,29.9,32.29,31.63,30.86,28.47,26.68,29.55,32.07,30.31,29.54,32.32,33.21,29.71
51,29.45,33.21,33.66,31.62,29.9,32.29,31.63,28.47,28.47,26.68,29.55,32.07,30.31,29.54,32.32,30.86
52,31.22,32.32,33.21,33.66,31.62,29.9,32.29,29.45,28.47,28.47,26.68,29.55,32.07,30.31,29.54,31.63
53,30.42,29.54,32.32,33.21,33.66,31.62,29.9,31.22,29.45,28.47,28.47,26.68,29.55,32.07,30.31,32.29
54,30.42,30.31,29.54,32.32,33.21,33.66,31.62,30.42,31.22,29.45,28.47,28.47,26.68,29.55,32.07,29.9
55,31.42,32.07,30.31,29.54,32.32,33.21,33.66,30.42,30.42,31.22,29.45,28.47,28.47,26.68,29.55,31.62
56,33.2,29.55,32.07,30.31,29.54,32.32,33.21,31.42,30.42,30.42,31.22,29.45,28.47,28.47,26.68,33.66
57,33.29,26.68,29.55,32.07,30.31,29.54,32.32,33.2,31.42,30.42,30.42,31.22,29.45,28.47,28.47,33.21
58,33.97,28.47,26.68,29.55,32.07,30.31,29.54,33.29,33.2,31.42,30.42,30.42,31.22,29.45,28.47,32.32
59,35.97,28.47,28.47,26.68,29.55,32.07,30.31,33.97,33.29,33.2,31.42,30.42,30.42,31.22,29.45,29.54
60,36.81,29.45,28.47,28.47,26.68,29.55,32.07,35.97,33.97,33.29,33.2,31.42,30.42,30.42,31.22,30.31
61,36.81,31.22,29.45,28.47,28.47,26.68,29.55,36.81,35.97,33.97,33.29,33.2,31.42,30.42,30.42,32.07
62,37.13,30.42,31.22,29.45,28.47,28.47,26.68,36.81,36.81,35.97,33.97,33.29,33.2,31.42,30.42,29.55
63,36.59,30.42,30.42,31.22,29.45,28.47,28.47,37.13,36.81,36.81,35.97,33.97,33.29,33.2,31.42,26.68
64,37.88,31.42,30.42,30.42,31.22,29.45,28.47,36.59,37.13,36.81,36.81,35.97,33.97,33.29,33.2,28.47
65,36.36,33.2,31.42,30.42,30.42,31.22,29.45,37.88,36.59,37.13,36.81,36.81,35.97,33.97,33.29,28.47
66,36.36,33.29,33.2,31.42,30.42,30.42,31.22,36.36,37.88,36.59,37.13,36.81,36.81,35.97,33.97,29.45
67,37.62,33.97,33.29,33.2,31.42,30.42,30.42,36.36,36.36,37.88,36.59,37.13,36.81,36.81,35.97,31.22
68,36.76,35.97,33.97,33.29,33.2,31.42,30.42,37.62,36.36,36.36,37.88,36.59,37.13,36.81,36.81,30.42
69,36.12,36.81,35.97,33.97,33.29,33.2,31.42,36.76,37.62,36.36,36.36,37.88,36.59,37.13,36.81,30.42
70,34.55,36.81,36.81,35.97,33.97,33.29,33.2,36.12,36.76,37.62,36.36,36.36,37.88,36.59,37.13,31.42
71,34.72,37.13,36.81,36.81,35.97,33.97,33.29,34.55,36.12,36.76,37.62,36.36,36.36,37.88,36.59,33.2
72,34.98,36.59,37.13,36.81,36.81,35.97,33.97,34.72,34.55,36.12,36.76,37.62,36.36,36.36,37.88,33.29
73,35.55,37.88,36.59,37.13,36.81,36.81,35.97,34.98,34.72,34.55,36.12,36.76,37.62,36.36,36.36,33.97
74,37.32,36.36,37.88,36.59,37.13,36.81,36.81,35.55,34.98,34.72,34.55,36.12,36.76,37.62,36.36,35.97
75,36.31,36.36,36.36,37.88,36.59,37.13,36.81,37.32,35.55,34.98,34.72,34.55,36.12,36.76,37.62,36.81
76,35.65,37.62,36.36,36.36,37.88,36.59,37.13,36.31,37.32,35.55,34.98,34.72,34.55,36.12,36.76,36.81
77,36.76,36.76,37.62,36.36,36.36,37.88,36.59,35.65,36.31,37.32,35.55,34.98,34.72,34.55,36.12,37.13
78,37.16,36.12,36.76,37.62,36.36,36.36,37.88,36.76,35.65,36.31,37.32,35.55,34.98,34.72,34.55,36.59
79,37.46,34.55,36.12,36.76,37.62,36.36,36.36,37.16,36.76,35.65,36.31,37.32,35.55,34.98,34.72,37.88
80,37.64,34.72,34.55,36.12,36.76,37.62,36.36,37.46,37.16,36.76,35.65,36.31,37.32,35.55,34.98,36.36
81,40.0,34.98,34.72,34.55,36.12,36.76,37.62,37.64,37.46,37.16,36.76,35.65,36.31,37.32,35.55,36.36
82,41.08,35.55,34.98,34.72,34.55,36.12,36.76,40.0,37.64,37.46,37.16,36.76,35.65,36.31,37.32,37.62
83,39.93,37.32,35.55,34.98,34.72,34.55,36.12,41.08,40.0,37.64,37.46,37.16,36.76,35.65,36.31,36.76
84,40.58,36.31,37.32,35.55,34.98,34.72,34.55,39.93,41.08,40.0,37.64,37.46,37.16,36.76,35.65,36.12
85,40.43,35.65,36.31,37.32,35.55,34.98,34.72,40.58,39.93,41.08,40.0,37.64,37.46,37.16,36.76,34.55
86,40.57,36.76,35.65,36.31,37.32,35.55,34.98,40.43,40.58,39.93,41.08,40.0,37.64,37.46,37.16,34.72
87,40.57,37.16,36.76,35.65,36.31,37.32,35.55,40.57,40.43,40.58,39.93,41.08,40.0,37.64,37.46,34.98
88,41.22,37.46,37.16,36.76,35.65,36.31,37.32,40.57,40.57,40.43,40.58,39.93,41.08,40.0,37.64,35.55
89,40.89,37.64,37.46,37.16,36.76,35.65,36.31,41.22,40.57,40.57,40.43,40.58,39.93,41.08,40.0,37.32
90,39.27,40.0,37.64,37.46,37.16,36.76,35.65,40.89,41.22,40.57,40.57,40.43,40.58,39.93,41.08,36.31
91,39.39,41.08,40.0,37.64,37.46,37.16,36.76,39.27,40.89,41.22,40.57,40.57,40.43,40.58,39.93,35.65
92,40.55,39.93,41.08,40.0,37.64,37.46,37.16,39.39,39.27,40.89,41.22,40.57,40.57,40.43,40.58,36.76
93,40.75,40.58,39.93,41.08,40.0,37.64,37.46,40.55,39.39,39.27,40.89,41.22,40.57,40.57,40.43,37.16
94,40.73,40.43,40.58,39.93,41.08,40.0,37.64,40.75,40.55,39.39,39.27,40.89,41.22,40.57,40.57,37.46
95,41.68,40.57,40.43,40.58,39.93,41.08,40.0,40.73,40.75,40.55,39.39,39.27,40.89,41.22,40.57,37.64
96,40.69,40.57,40.57,40.43,40.58,39.93,41.08,41.68,40.73,40.75,40.55,39.39,39.27,40.89,41.22,40.0
97,41.74,41.22,40.57,40.57,40.43,40.58,39.93,40.69,41.68,40.73,40.75,40.55,39.39,39.27,40.89,41.08
98,42.95,40.89,41.22,40.57,40.57,40.43,40.58,41.74,40.69,41.68,40.73,40.75,40.55,39.39,39.27,39.93
99,44.23,39.27,40.89,41.22,40.57,40.57,40.43,42.95,41.74,40.69,41.68,40.73,40.75,40.55,39.39,40.58
100,43.87,39.39,39.27,40.89,41.22,40.57,40.57,44.23,42.95,41.74,40.69,41.68,40.73,40.75,40.55,40.43
101,44.32,40.55,39.39,39.27,40.89,41.22,40.57,43.87,44.23,42.95,41.74,40.69,41.68,40.73,40.75,40.57
102,45.27,40.75,40.55,39.39,39.27,40.89,41.22,44.32,43.87,44.23,42.95,41.74,40.69,41.68,40.73,40.57
103,46.32,40.73,40.75,40.55,39.39,39.27,40.89,45.27,44.32,43.87,44.23,42.95,41.74,40.69,41.68,41.22
104,47.88,41.68,40.73,40.75,40.55,39.39,39.27,46.32,45.27,44.32,43.87,44.23,42.95,41.74,40.69,40.89
105,46.12,40.69,41.68,40.73,40.75,40.55,39.39,47.88,46.32,45.27,44.32,43.87,44.23,42.95,41.74,39.27
106,46.6,41.74,40.69,41.68,40.73,40.75,40.55,46.12,47.88,46.32,45.27,44.32,43.87,44.23,42.95,39.39
107,46.02,42.95,41.74,40.69,41.68,40.73,40.75,46.6,46.12,47.88,46.32,45.27,44.32,43.87,44.23,40.55
108,45.93,44.23,42.95,41.74,40.69,41.68,40.73,46.02,46.6,46.12,47.88,46.32,45.27,44.32,43.87,40.75
109,43.21,43.87,44.23,42.95,41.74,40.69,41.68,45.93,46.02,46.6,46.12,47.88,46.32,45.27,44.32,40.73
110,43.19,44.32,43.87,44.23,42.95,41.74,40.69,43.21,45.93,46.02,46.6,46.12,47.88,46.32,45.27,41.68
111,43.91,45.27,44.32,43.87,44.23,42.95,41.74,43.19,43.21,45.93,46.02,46.6,46.12,47.88,46.32,40.69
112,44.9,46.32,45.27,44.32,43.87,44.23,42.95,43.91,43.19,43.21,45.93,46.02,46.6,46.12,47.88,41.74
113,45.22,47.88,46.32,45.27,44.32,43.87,44.23,44.9,43.91,43.19,43.21,45.93,46.02,46.6,46.12,42.95
114,45.84,46.12,47.88,46.32,45.27,44.32,43.87,45.22,44.9,43.91,43.19,43.21,45.93,46.02,46.6,44.23
115,45.91,46.6,46.12,47.88,46.32,45.27,44.32,45.84,45.22,44.9,43.91,43.19,43.21,45.93,46.02,43.87
116,47.3,46.02,46.6,46.12,47.88,46.32,45.27,45.91,45.84,45.22,44.9,43.91,43.19,43.21,45.93,44.32
117,46.38,45.93,46.02,46.6,46.12,47.88,46.32,47.3,45.91,45.84,45.22,44.9,43.91,43.19,43.21,45.27
118,46.63,43.21,45.93,46.02,46.6,46.12,47.88,46.38,47.3,45.91,45.84,45.22,44.9,43.91,43.19,46.32
119,46.7,43.19,43.21,45.93,46.02,46.6,46.12,46.63,46.38,47.3,45.91,45.84,45.22,44.9,43.91,47.88
120,47.09,43.91,43.19,43.21,45.93,46.02,46.6,46.7,46.63,46.38,47.3,45.91,45.84,45.22,44.9,46.12
121,49.67,44.9,43.91,43.19,43.21,45.93,46.02,47.09,46.7,46.63,46.38,47.3,45.91,45.84,45.22,46.6
122,49.46,45.22,44.9,43.91,43.19,43.21,45.93,49.67,47.09,46.7,46.63,46.38,47.3,45.91,45.84,46.02
123,47.86,45.84,45.22,44.9,43.91,43.19,43.21,49.46,49.67,47.09,46.7,46.63,46.38,47.3,45.91,45.93
124,48.53,45.91,45.84,45.22,44.9,43.91,43.19,47.86,49.46,49.67,47.09,46.7,46.63,46.38,47.3,43.21
125,46.28,47.3,45.91,45.84,45.22,44.9,43.91,48.53,47.86,49.46,49.67,47.09,46.7,46.63,46.38,43.19
126,45.54,46.38,47.3,45.91,45.84,45.22,44.9,46.28,48.53,47.86,49.46,49.67,47.09,46.7,46.63,43.91
127,44.75,46.63,46.38,47.3,45.91,45.84,45.22,45.54,46.28,48.53,47.86,49.46,49.67,47.09,46.7,44.9
128,45.06,46.7,46.63,46.38,47.3,45.91,45.84,44.75,45.54,46.28,48.53,47.86,49.46,49.67,47.09,45.22
129,45.24,47.09,46.7,46.63,46.38,47.3,45.91,45.06,44.75,45.54,46.28,48.53,47.86,49.46,49.67,45.84
130,44.4,49.67,47.09,46.7,46.63,46.38,47.3,45.24,45.06,44.75,45.54,46.28,48.53,47.86,49.46,45.91
131,45.55,49.46,49.67,47.09,46.7,46.63,46.38,44.4,45.24,45.06,44.75,45.54,46.28,48.53,47.86,47.3
132,44.94,47.86,49.46,49.67,47.09,46.7,46.63,45.55,44.4,45.24,45.06,44.75,45.54,46.28,48.53,46.38
133,44.53,48.53,47.86,49.46,49.67,47.09,46.7,44.94,45.55,44.4,45.24,45.06,44.75,45.54,46.28,46.63
134,46.17,46.28,48.53,47.86,49.46,49.67,47.09,44.53,44.94,45.55,44.4,45.24,45.06,44.75,45.54,46.7
135,46.67,45.54,46.28,48.53,47.86,49.46,49.67,46.17,44.53,44.94,45.55,44.4,45.24,45.06,44.75,47.09
136,44.71,44.75,45.54,46.28,48.53,47.86,49.46,46.67,46.17,44.53,44.94,45.55,44.4,45.24,45.06,49.67
137,46.93,45.06,44.75,45.54,46.28,48.53,47.86,44.71,46.67,46.17,44.53,44.94,45.55,44.4,45.24,49.46
138,47.12,45.24,45.06,44.75,45.54,46.28,48.53,46.93,44.71,46.67,46.17,44.53,44.94,45.55,44.4,47.86
139,44.58,44.4,45.24,45.06,44.75,45.54,46.28,47.12,46.93,44.71,46.67,46.17,44.53,44.94,45.55,48.53
140,44.07,45.55,44.4,45.24,45.06,44.75,45.54,44.58,47.12,46.93,44.71,46.67,46.17,44.53,44.94,46.28
141,44.75,44.94,45.55,44.4,45.24,45.06,44.75,44.07,44.58,47.12,46.93,44.71,46.67,46.17,44.53,45.54
142,45.85,44.53,44.94,45.55,44.4,45.24,45.06,44.75,44.07,44.58,47.12,46.93,44.71,46.67,46.17,44.75
143,44.13,46.17,44.53,44.94,45.55,44.4,45.24,45.85,44.75,44.07,44.58,47.12,46.93,44.71,46.67,45.06
144,45.92,46.67,46.17,44.53,44.94,45.55,44.4,44.13,45.85,44.75,44.07,44.58,47.12,46.93,44.71,45.24
145,45.92,44.71,46.67,46.17,44.53,44.94,45.55,45.92,44.13,45.85,44.75,44.07,44.58,47.12,46.93,44.4
146,46.02,46.93,44.71,46.67,46.17,44.53,44.94,45.92,45.92,44.13,45.85,44.75,44.07,44.58,47.12,45.55
147,46.75,47.12,46.93,44.71,46.67,46.17,44.53,46.02,45.92,45.92,44.13,45.85,44.75,44.07,44.58,44.94
148,46.3,44.58,47.12,46.93,44.71,46.67,46.17,46.75,46.02,45.92,45.92,44.13,45.85,44.75,44.07,44.53
149,45.38,44.07,44.58,47.12,46.93,44.71,46.67,46.3,46.75,46.02,45.92,45.92,44.13,45.85,44.75,46.17
150,49.2,44.75,44.07,44.58,47.12,46.93,44.71,45.38,46.3,46.75,46.02,45.92,45.92,44.13,45.85,46.67
151,45.29,45.85,44.75,44.07,44.58,47.12,46.93,49.2,45.38,46.3,46.75,46.02,45.92,45.92,44.13,44.71
152,42.47,44.13,45.85,44.75,44.07,44.58,47.12,45.29,49.2,45.38,46.3,46.75,46.02,45.92,45.92,46.93
153,38.5,45.92,44.13,45.85,44.75,44.07,44.58,42.47,45.29,49.2,45.38,46.3,46.75,46.02,45.92,47.12
154,39.15,45.92,45.92,44.13,45.85,44.75,44.07,38.5,42.47,45.29,49.2,45.38,46.3,46.75,46.02,44.58
155,38.22,46.02,45.92,45.92,44.13,45.85,44.75,39.15,38.5,42.47,45.29,49.2,45.38,46.3,46.75,44.07
156,40.45,46.75,46.02,45.92,45.92,44.13,45.85,38.22,39.15,38.5,42.47,45.29,49.2,45.38,46.3,44.75
157,41.0,46.3,46.75,46.02,45.92,45.92,44.13,40.45,38.22,39.15,38.5,42.47,45.29,49.2,45.38,45.85
158,40.75,45.38,46.3,46.75,46.02,45.92,45.92,41.0,40.45,38.22,39.15,38.5,42.47,45.29,49.2,44.13
159,42.58,49.2,45.38,46.3,46.75,46.02,45.92,40.75,41.0,40.45,38.22,39.15,38.5,42.47,45.29,45.92
160,41.93,45.29,49.2,45.38,46.3,46.75,46.02,42.58,40.75,41.0,40.45,38.22,39.15,38.5,42.47,45.92
161,42.45,42.47,45.29,49.2,45.38,46.3,46.75,41.93,42.58,40.75,41.0,40.45,38.22,39.15,38.5,46.02
162,42.27,38.5,42.47,45.29,49.2,45.38,46.3,42.45,41.93,42.58,40.75,41.0,40.45,38.22,39.15,46.75
163,43.22,39.15,38.5,42.47,45.29,49.2,45.38,42.27,42.45,41.93,42.58,40.75,41.0,40.45,38.22,46.3
164,43.11,38.22,39.15,38.5,42.47,45.29,49.2,43.22,42.27,42.45,41.93,42.58,40.75,41.0,40.45,45.38
165,44.94,40.45,38.22,39.15,38.5,42.47,45.29,43.11,43.22,42.27,42.45,41.93,42.58,40.75,41.0,49.2
166,43.87,41.0,40.45,38.22,39.15,38.5,42.47,44.94,43.11,43.22,42.27,42.45,41.93,42.58,40.75,45.29
167,44.69,40.75,41.0,40.45,38.22,39.15,38.5,43.87,44.94,43.11,43.22,42.27,42.45,41.93,42.58,42.47
168,45.13,42.58,40.75,41.0,40.45,38.22,39.15,44.69,43.87,44.94,43.11,43.22,42.27,42.45,41.93,38.5
169,45.75,41.93,42.58,40.75,41.0,40.45,38.22,45.13,44.69,43.87,44.94,43.11,43.22,42.27,42.45,39.15
170,45.25,42.45,41.93,42.58,40.75,41.0,40.45,45.75,45.13,44.69,43.87,44.94,43.11,43.22,42.27,38.22
171,47.11,42.27,42.45,41.93,42.58,40.75,41.0,45.25,45.75,45.13,44.69,43.87,44.94,43.11,43.22,40.45
172,48.53,43.22,42.27,42.45,41.93,42.58,40.75,47.11,45.25,45.75,45.13,44.69,43.87,44.94,43.11,41.0
173,48.77,43.11,43.22,42.27,42.45,41.93,42.58,48.53,47.11,45.25,45.75,45.13,44.69,43.87,44.94,40.75
174,47.97,44.94,43.11,43.22,42.27,42.45,41.93,48.77,48.53,47.11,45.25,45.75,45.13,44.69,43.87,42.58
175,47.17,43.87,44.94,43.11,43.22,42.27,42.45,47.97,48.77,48.53,47.11,45.25,45.75,45.13,44.69,41.93
176,47.98,44.69,43.87,44.94,43.11,43.22,42.27,47.17,47.97,48.77,48.53,47.11,45.25,45.75,45.13,42.45
177,48.11,45.13,44.69,43.87,44.94,43.11,43.22,47.98,47.17,47.97,48.77,48.53,47.11,45.25,45.75,42.27
178,49.27,45.75,45.13,44.69,43.87,44.94,43.11,48.11,47.98,47.17,47.97,48.77,48.53,47.11,45.25,43.22
179,50.59,45.25,45.75,45.13,44.69,43.87,44.94,49.27,48.11,47.98,47.17,47.97,48.77,48.53,47.11,43.11
180,50.11,47.11,45.25,45.75,45.13,44.69,43.87,50.59,49.27,48.11,47.98,47.17,47.97,48.77,48.53,44.94
181,50.88,48.53,47.11,45.25,45.75,45.13,44.69,50.11,50.59,49.27,48.11,47.98,47.17,47.97,48.77,43.87
182,50.9,48.77,48.53,47.11,45.25,45.75,45.13,50.88,50.11,50.59,49.27,48.11,47.98,47.17,47.97,44.69
183,51.4,47.97,48.77,48.53,47.11,45.25,45.75,50.9,50.88,50.11,50.59,49.27,48.11,47.98,47.17,45.13
184,53.05,47.17,47.97,48.77,48.53,47.11,45.25,51.4,50.9,50.88,50.11,50.59,49.27,48.11,47.98,45.75
185,52.19,47.98,47.17,47.97,48.77,48.53,47.11,53.05,51.4,50.9,50.88,50.11,50.59,49.27,48.11,45.25
186,52.74,48.11,47.98,47.17,47.97,48.77,48.53,52.19,53.05,51.4,50.9,50.88,50.11,50.59,49.27,47.11
187,52.76,49.27,48.11,47.98,47.17,47.97,48.77,52.74,52.19,53.05,51.4,50.9,50.88,50.11,50.59,48.53
188,51.61,50.59,49.27,48.11,47.98,47.17,47.97,52.76,52.74,52.19,53.05,51.4,50.9,50.88,50.11,48.77
189,52.33,50.11,50.59,49.27,48.11,47.98,47.17,51.61,52.76,52.74,52.19,53.05,51.4,50.9,50.88,47.97
190,52.48,50.88,50.11,50.59,49.27,48.11,47.98,52.33,51.61,52.76,52.74,52.19,53.05,51.4,50.9,47.17
191,52.48,50.9,50.88,50.11,50.59,49.27,48.11,52.48,52.33,51.61,52.76,52.74,52.19,53.05,51.4,47.98
192,56.93,51.4,50.9,50.88,50.11,50.59,49.27,52.48,52.48,52.33,51.61,52.76,52.74,52.19,53.05,48.11
193,56.94,53.05,51.4,50.9,50.88,50.11,50.59,56.93,52.48,52.48,52.33,51.61,52.76,52.74,52.19,49.27
194,59.48,52.19,53.05,51.4,50.9,50.88,50.11,56.94,56.93,52.48,52.48,52.33,51.61,52.76,52.74,50.59
195,58.34,52.74,52.19,53.05,51.4,50.9,50.88,59.48,56.94,56.93,52.48,52.48,52.33,51.61,52.76,50.11
196,59.41,52.76,52.74,52.19,53.05,51.4,50.9,58.34,59.48,56.94,56.93,52.48,52.48,52.33,51.61,50.88
197,59.59,51.61,52.76,52.74,52.19,53.05,51.4,59.41,58.34,59.48,56.94,56.93,52.48,52.48,52.33,50.9
198,60.01,52.33,51.61,52.76,52.74,52.19,53.05,59.59,59.41,58.34,59.48,56.94,56.93,52.48,52.48,51.4
199,61.05,52.48,52.33,51.61,52.76,52.74,52.19,60.01,59.59,59.41,58.34,59.48,56.94,56.93,52.48,53.05
200,60.01,52.48,52.48,52.33,51.61,52.76,52.74,61.05,60.01,59.59,59.41,58.34,59.48,56.94,56.93,52.19
201,59.62,56.93,52.48,52.48,52.33,51.61,52.76,60.01,61.05,60.01,59.59,59.41,58.34,59.48,56.94,52.74
202,60.41,56.94,56.93,52.48,52.48,52.33,51.61,59.62,60.01,61.05,60.01,59.59,59.41,58.34,59.48,52.76
203,59.89,59.48,56.94,56.93,52.48,52.48,52.33,60.41,59.62,60.01,61.05,60.01,59.59,59.41,58.34,51.61
204,60.01,58.34,59.48,56.94,56.93,52.48,52.48,59.89,60.41,59.62,60.01,61.05,60.01,59.59,59.41,52.33
205,59.53,59.41,58.34,59.48,56.94,56.93,52.48,60.01,59.89,60.41,59.62,60.01,61.05,60.01,59.59,52.48
206,59.96,59.59,59.41,58.34,59.48,56.94,56.93,59.53,60.01,59.89,60.41,59.62,60.01,61.05,60.01,52.48
207,60.74,60.01,59.59,59.41,58.34,59.48,56.94,59.96,59.53,60.01,59.89,60.41,59.62,60.01,61.05,56.93
208,61.36,61.05,60.01,59.59,59.41,58.34,59.48,60.74,59.96,59.53,60.01,59.89,60.41,59.62,60.01,56.94
209,60.15,60.01,61.05,60.01,59.59,59.41,58.34,61.36,60.74,59.96,59.53,60.01,59.89,60.41,59.62,59.48
210,58.15,59.62,60.01,61.05,60.01,59.59,59.41,60.15,61.36,60.74,59.96,59.53,60.01,59.89,60.41,58.34
211,59.11,60.41,59.62,60.01,61.05,60.01,59.59,58.15,60.15,61.36,60.74,59.96,59.53,60.01,59.89,59.41
212,58.0,59.89,60.41,59.62,60.01,61.05,60.01,59.11,58.15,60.15,61.36,60.74,59.96,59.53,60.01,59.59
213,59.67,60.01,59.89,60.41,59.62,60.01,61.05,58.0,59.11,58.15,60.15,61.36,60.74,59.96,59.53,60.01
214,61.3,59.53,60.01,59.89,60.41,59.62,60.01,59.67,58.0,59.11,58.15,60.15,61.36,60.74,59.96,61.05
215,60.24,59.96,59.53,60.01,59.89,60.41,59.62,61.3,59.67,58.0,59.11,58.15,60.15,61.36,60.74,60.01
216,60.25,60.74,59.96,59.53,60.01,59.89,60.41,60.24,61.3,59.67,58.0,59.11,58.15,60.15,61.36,59.62
217,57.69,61.36,60.74,59.96,59.53,60.01,59.89,60.25,60.24,61.3,59.67,58.0,59.11,58.15,60.15,60.41
218,57.51,60.15,61.36,60.74,59.96,59.53,60.01,57.69,60.25,60.24,61.3,59.67,58.0,59.11,58.15,59.89
219,57.29,58.15,60.15,61.36,60.74,59.96,59.53,57.51,57.69,60.25,60.24,61.3,59.67,58.0,59.11,60.01
220,57.29,59.11,58.15,60.15,61.36,60.74,59.96,57.29,57.51,57.69,60.25,60.24,61.3,59.67,58.0,59.53
221,58.88,58.0,59.11,58.15,60.15,61.36,60.74,57.29,57.29,57.51,57.69,60.25,60.24,61.3,59.67,59.96
222,60.18,59.67,58.0,59.11,58.15,60.15,61.36,58.88,57.29,57.29,57.51,57.69,60.25,60.24,61.3,60.74
223,58.96,61.3,59.67,58.0,59.11,58.15,60.15,60.18,58.88,57.29,57.29,57.51,57.69,60.25,60.24,61.36
224,57.3,60.24,61.3,59.67,58.0,59.11,58.15,58.96,60.18,58.88,57.29,57.29,57.51,57.69,60.25,60.15
225,59.44,60.25,60.24,61.3,59.67,58.0,59.11,57.3,58.96,60.18,58.88,57.29,57.29,57.51,57.69,58.15
226,59.73,57.69,60.25,60.24,61.3,59.67,58.0,59.44,57.3,58.96,60.18,58.88,57.29,57.29,57.51,59.11
227,59.89,57.51,57.69,60.25,60.24,61.3,59.67,59.73,59.44,57.3,58.96,60.18,58.88,57.29,57.29,58.0
228,60.5,57.29,57.51,57.69,60.25,60.24,61.3,59.89,59.73,59.44,57.3,58.96,60.18,58.88,57.29,59.67
229,60.72,57.29,57.29,57.51,57.69,60.25,60.24,60.5,59.89,59.73,59.44,57.3,58.96,60.18,58.88,61.3
230,59.23,58.88,57.29,57.29,57.51,57.69,60.25,60.72,60.5,59.89,59.73,59.44,57.3,58.96,60.18,60.24
231,59.41,60.18,58.88,57.29,57.29,57.51,57.69,59.23,60.72,60.5,59.89,59.73,59.44,57.3,58.96,60.25
232,58.99,58.96,60.18,58.88,57.29,57.29,57.51,59.41,59.23,60.72,60.5,59.89,59.73,59.44,57.3,57.69
233,60.93,57.3,58.96,60.18,58.88,57.29,57.29,58.99,59.41,59.23,60.72,60.5,59.89,59.73,59.44,57.51
234,60.38,59.44,57.3,58.96,60.18,58.88,57.29,60.93,58.99,59.41,59.23,60.72,60.5,59.89,59.73,57.29
235,58.92,59.73,59.44,57.3,58.96,60.18,58.88,60.38,60.93,58.99,59.41,59.23,60.72,60.5,59.89,57.29
236,59.1,59.89,59.73,59.44,57.3,58.96,60.18,58.92,60.38,60.93,58.99,59.41,59.23,60.72,60.5,58.88
237,59.62,60.5,59.89,59.73,59.44,57.3,58.96,59.1,58.92,60.38,60.93,58.99,59.41,59.23,60.72,60.18
238,58.55,60.72,60.5,59.89,59.73,59.44,57.3,59.62,59.1,58.92,60.38,60.93,58.99,59.41,59.23,58.96
239,57.05,59.23,60.72,60.5,59.89,59.73,59.44,58.55,59.62,59.1,58.92,60.38,60.93,58.99,59.41,57.3
240,55.56,59.41,59.23,60.72,60.5,59.89,59.73,57.05,58.55,59.62,59.1,58.92,60.38,60.93,58.99,59.44
241,55.98,58.99,59.41,59.23,60.72,60.5,59.89,55.56,57.05,58.55,59.62,59.1,58.92,60.38,60.93,59.73
242,56.59,60.93,58.99,59.41,59.23,60.72,60.5,55.98,55.56,57.05,58.55,59.62,59.1,58.92,60.38,59.89
243,56.17,60.38,60.93,58.99,59.41,59.23,60.72,56.59,55.98,55.56,57.05,58.55,59.62,59.1,58.92,60.5
244,55.58,58.92,60.38,60.93,58.99,59.41,59.23,56.17,56.59,55.98,55.56,57.05,58.55,59.62,59.1,60.72
245,56.37,59.1,58.92,60.38,60.93,58.99,59.41,55.58,56.17,56.59,55.98,55.56,57.05,58.55,59.62,59.23
246,55.71,59.62,59.1,58.92,60.38,60.93,58.99,56.37,55.58,56.17,56.59,55.98,55.56,57.05,58.55,59.41
247,56.69,58.55,59.62,59.1,58.92,60.38,60.93,55.71,56.37,55.58,56.17,56.59,55.98,55.56,57.05,58.99
248,56.25,57.05,58.55,59.62,59.1,58.92,60.38,56.69,55.71,56.37,55.58,56.17,56.59,55.98,55.56,60.93
249,53.3,55.56,57.05,58.55,59.62,59.1,58.92,56.25,56.69,55.71,56.37,55.58,56.17,56.59,55.98,60.38
250,51.95,55.98,55.56,57.05,58.55,59.62,59.1,53.3,56.25,56.69,55.71,56.37,55.58,56.17,56.59,58.92
251,51.63,56.59,55.98,55.56,57.05,58.55,59.62,51.95,53.3,56.25,56.69,55.71,56.37,55.58,56.17,59.1
252,50.79,56.17,56.59,55.98,55.56,57.05,58.55,51.63,51.95,53.3,56.25,56.69,55.71,56.37,55.58,59.62
253,50.44,55.58,56.17,56.59,55.98,55.56,57.05,50.79,51.63,51.95,53.3,56.25,56.69,55.71,56.37,58.55
254,53.95,56.37,55.58,56.17,56.59,55.98,55.56,50.44,50.79,51.63,51.95,53.3,56.25,56.69,55.71,57.05
255,52.08,55.71,56.37,55.58,56.17,56.59,55.98,53.95,50.44,50.79,51.63,51.95,53.3,56.25,56.69,55.56
256,52.08,56.69,55.71,56.37,55.58,56.17,56.59,52.08,53.95,50.44,50.79,51.63,51.95,53.3,56.25,55.98
257,49.13,56.25,56.69,55.71,56.37,55.58,56.17,52.08,52.08,53.95,50.44,50.79,51.63,51.95,53.3,56.59
258,50.12,53.3,56.25,56.69,55.71,56.37,55.58,49.13,52.08,52.08,53.95,50.44,50.79,51.63,51.95,56.17
259,47.72,51.95,53.3,56.25,56.69,55.71,56.37,50.12,49.13,52.08,52.08,53.95,50.44,50.79,51.63,55.58
260,48.66,51.63,51.95,53.3,56.25,56.69,55.71,47.72,50.12,49.13,52.08,52.08,53.95,50.44,50.79,56.37
261,48.83,50.79,51.63,51.95,53.3,56.25,56.69,48.66,47.72,50.12,49.13,52.08,52.08,53.95,50.44,55.71
262,51.41,50.44,50.79,51.63,51.95,53.3,56.25,48.83,48.66,47.72,50.12,49.13,52.08,52.08,53.95,56.69
263,48.75,53.95,50.44,50.79,51.63,51.95,53.3,51.41,48.83,48.66,47.72,50.12,49.13,52.08,52.08,56.25
264,47.03,52.08,53.95,50.44,50.79,51.63,51.95,48.75,51.41,48.83,48.66,47.72,50.12,49.13,52.08,53.3
265,47.4,52.08,52.08,53.95,50.44,50.79,51.63,47.03,48.75,51.41,48.83,48.66,47.72,50.12,49.13,51.95
266,46.0,49.13,52.08,52.08,53.95,50.44,50.79,47.4,47.03,48.75,51.41,48.83,48.66,47.72,50.12,51.63
267,44.02,50.12,49.13,52.08,52.08,53.95,50.44,46.0,47.4,47.03,48.75,51.41,48.83,48.66,47.72,50.79
268,44.63,47.72,50.12,49.13,52.08,52.08,53.95,44.02,46.0,47.4,47.03,48.75,51.41,48.83,48.66,50.44
269,43.39,48.66,47.72,50.12,49.13,52.08,52.08,44.63,44.02,46.0,47.4,47.03,48.75,51.41,48.83,53.95
270,43.93,48.83,48.66,47.72,50.12,49.13,52.08,43.39,44.63,44.02,46.0,47.4,47.03,48.75,51.41,52.08
271,44.88,51.41,48.83,48.66,47.72,50.12,49.13,43.93,43.39,44.63,44.02,46.0,47.4,47.03,48.75,52.08
272,47.12,48.75,51.41,48.83,48.66,47.72,50.12,44.88,43.93,43.39,44.63,44.02,46.0,47.4,47.03,49.13
273,48.06,47.03,48.75,51.41,48.83,48.66,47.72,47.12,44.88,43.93,43.39,44.63,44.02,46.0,47.4,50.12
274,48.42,47.4,47.03,48.75,51.41,48.83,48.66,48.06,47.12,44.88,43.93,43.39,44.63,44.02,46.0,47.72
275,49.95,46.0,47.4,47.03,48.75,51.41,48.83,48.42,48.06,47.12,44.88,43.93,43.39,44.63,44.02,48.66
276,49.61,44.02,46.0,47.4,47.03,48.75,51.41,49.95,48.42,48.06,47.12,44.88,43.93,43.39,44.63,48.83
277,50.76,44.63,44.02,46.0,47.4,47.03,48.75,49.61,49.95,48.42,48.06,47.12,44.88,43.93,43.39,51.41
278,51.53,43.39,44.63,44.02,46.0,47.4,47.03,50.76,49.61,49.95,48.42,48.06,47.12,44.88,43.93,48.75
279,50.43,43.93,43.39,44.63,44.02,46.0,47.4,51.53,50.76,49.61,49.95,48.42,48.06,47.12,44.88,47.03
280,49.59,44.88,43.93,43.39,44.63,44.02,46.0,50.43,51.53,50.76,49.61,49.95,48.42,48.06,47.12,47.4
281,49.84,47.12,44.88,43.93,43.39,44.63,44.02,49.59,50.43,51.53,50.76,49.61,49.95,48.42,48.06,46.0
282,47.65,48.06,47.12,44.88,43.93,43.39,44.63,49.84,49.59,50.43,51.53,50.76,49.61,49.95,48.42,44.02
283,50.25,48.42,48.06,47.12,44.88,43.93,43.39,47.65,49.84,49.59,50.43,51.53,50.76,49.61,49.95,44.63
284,48.48,49.95,48.42,48.06,47.12,44.88,43.93,50.25,47.65,49.84,49.59,50.43,51.53,50.76,49.61,43.39
285,49.56,49.61,49.95,48.42,48.06,47.12,44.88,48.48,50.25,47.65,49.84,49.59,50.43,51.53,50.76,43.93
286,49.95,50.76,49.61,49.95,48.42,48.06,47.12,49.56,48.48,50.25,47.65,49.84,49.59,50.43,51.53,44.88
287,51.12,51.53,50.76,49.61,49.95,48.42,48.06,49.95,49.56,48.48,50.25,47.65,49.84,49.59,50.43,47.12
288,52.13,50.43,51.53,50.76,49.61,49.95,48.42,51.12,49.95,49.56,48.48,50.25,47.65,49.84,49.59,48.06
289,53.56,49.59,50.43,51.53,50.76,49.61,49.95,52.13,51.12,49.95,49.56,48.48,50.25,47.65,49.84,48.42
290,53.56,49.84,49.59,50.43,51.53,50.76,49.61,53.56,52.13,51.12,49.95,49.56,48.48,50.25,47.65,49.95
291,52.66,47.65,49.84,49.59,50.43,51.53,50.76,53.56,53.56,52.13,51.12,49.95,49.56,48.48,50.25,49.61
292,51.17,50.25,47.65,49.84,49.59,50.43,51.53,52.66,53.56,53.56,52.13,51.12,49.95,49.56,48.48,50.76
293,48.8,48.48,50.25,47.65,49.84,49.59,50.43,51.17,52.66,53.56,53.56,52.13,51.12,49.95,49.56,51.53
294,50.06,49.56,48.48,50.25,47.65,49.84,49.59,48.8,51.17,52.66,53.56,53.56,52.13,51.12,49.95,50.43
295,52.99,49.95,49.56,48.48,50.25,47.65,49.84,50.06,48.8,51.17,52.66,53.56,53.56,52.13,51.12,49.59
296,51.66,51.12,49.95,49.56,48.48,50.25,47.65,52.99,50.06,48.8,51.17,52.66,53.56,53.56,52.13,49.84
297,50.48,52.13,51.12,49.95,49.56,48.48,50.25,51.66,52.99,50.06,48.8,51.17,52.66,53.56,53.56,47.65
298,48.45,53.56,52.13,51.12,49.95,49.56,48.48,50.48,51.66,52.99,50.06,48.8,51.17,52.66,53.56,50.25
299,53.04,53.56,53.56,52.13,51.12,49.95,49.56,48.45,50.48,51.66,52.99,50.06,48.8,51.17,52.66,48.48
300,49.25,52.66,53.56,53.56,52.13,51.12,49.95,53.04,48.45,50.48,51.66,52.99,50.06,48.8,51.17,49.56
301,47.79,51.17,52.66,53.56,53.56,52.13,51.12,49.25,53.04,48.45,50.48,51.66,52.99,50.06,48.8,49.95
302,44.12,48.8,51.17,52.66,53.56,53.56,52.13,47.79,49.25,53.04,48.45,50.48,51.66,52.99,50.06,51.12
303,44.08,50.06,48.8,51.17,52.66,53.56,53.56,44.12,47.79,49.25,53.04,48.45,50.48,51.66,52.99,52.13
304,45.84,52.99,50.06,48.8,51.17,52.66,53.56,44.08,44.12,47.79,49.25,53.04,48.45,50.48,51.66,53.56
305,44.8,51.66,52.99,50.06,48.8,51.17,52.66,45.84,44.08,44.12,47.79,49.25,53.04,48.45,50.48,53.56
306,45.26,50.48,51.66,52.99,50.06,48.8,51.17,44.8,45.84,44.08,44.12,47.79,49.25,53.04,48.45,52.66
307,45.93,48.45,50.48,51.66,52.99,50.06,48.8,45.26,44.8,45.84,44.08,44.12,47.79,49.25,53.04,51.17
308,47.85,53.04,48.45,50.48,51.66,52.99,50.06,45.93,45.26,44.8,45.84,44.08,44.12,47.79,49.25,48.8
309,46.79,49.25,53.04,48.45,50.48,51.66,52.99,47.85,45.93,45.26,44.8,45.84,44.08,44.12,47.79,50.06
310,46.79,47.79,49.25,53.04,48.45,50.48,51.66,46.79,47.85,45.93,45.26,44.8,45.84,44.08,44.12,52.99
311,48.49,44.12,47.79,49.25,53.04,48.45,50.48,46.79,46.79,47.85,45.93,45.26,44.8,45.84,44.08,51.66
312,46.37,44.08,44.12,47.79,49.25,53.04,48.45,48.49,46.79,46.79,47.85,45.93,45.26,44.8,45.84,50.48
313,48.49,45.84,44.08,44.12,47.79,49.25,53.04,46.37,48.49,46.79,46.79,47.85,45.93,45.26,44.8,48.45
314,45.92,44.8,45.84,44.08,44.12,47.79,49.25,48.49,46.37,48.49,46.79,46.79,47.85,45.93,45.26,53.04
315,46.06,45.26,44.8,45.84,44.08,44.12,47.79,45.92,48.49,46.37,48.49,46.79,46.79,47.85,45.93,49.25
316,48.35,45.93,45.26,44.8,45.84,44.08,44.12,46.06,45.92,48.49,46.37,48.49,46.79,46.79,47.85,47.79
317,48.8,47.85,45.93,45.26,44.8,45.84,44.08,48.35,46.06,45.92,48.49,46.37,48.49,46.79,46.79,44.12
318,48.69,46.79,47.85,45.93,45.26,44.8,45.84,48.8,48.35,46.06,45.92,48.49,46.37,48.49,46.79,44.08
319,47.98,46.79,46.79,47.85,45.93,45.26,44.8,48.69,48.8,48.35,46.06,45.92,48.49,46.37,48.49,45.84
320,50.05,48.49,46.79,46.79,47.85,45.93,45.26,47.98,48.69,48.8,48.35,46.06,45.92,48.49,46.37,44.8
321,52.72,46.37,48.49,46.79,46.79,47.85,45.93,50.05,47.98,48.69,48.8,48.35,46.06,45.92,48.49,45.26
322,52.72,48.49,46.37,48.49,46.79,46.79,47.85,52.72,50.05,47.98,48.69,48.8,48.35,46.06,45.92,45.93
323,53.45,45.92,48.49,46.37,48.49,46.79,46.79,52.72,52.72,50.05,47.98,48.69,48.8,48.35,46.06,47.85
324,54.14,46.06,45.92,48.49,46.37,48.49,46.79,53.45,52.72,52.72,50.05,47.98,48.69,48.8,48.35,46.79
325,53.46,48.35,46.06,45.92,48.49,46.37,48.49,54.14,53.45,52.72,52.72,50.05,47.98,48.69,48.8,46.79
326,54.59,48.8,48.35,46.06,45.92,48.49,46.37,53.46,54.14,53.45,52.72,52.72,50.05,47.98,48.69,48.49
327,54.59,48.69,48.8,48.35,46.06,45.92,48.49,54.59,53.46,54.14,53.45,52.72,52.72,50.05,47.98,46.37
328,55.7,47.98,48.69,48.8,48.35,46.06,45.92,54.59,54.59,53.46,54.14,53.45,52.72,52.72,50.05,48.49
329,56.78,50.05,47.98,48.69,48.8,48.35,46.06,55.7,54.59,54.59,53.46,54.14,53.45,52.72,52.72,45.92
330,55.25,52.72,50.05,47.98,48.69,48.8,48.35,56.78,55.7,54.59,54.59,53.46,54.14,53.45,52.72,46.06
331,56.91,52.72,52.72,50.05,47.98,48.69,48.8,55.25,56.78,55.7,54.59,54.59,53.46,54.14,53.45,48.35
332,54.18,53.45,52.72,52.72,50.05,47.98,48.69,56.91,55.25,56.78,55.7,54.59,54.59,53.46,54.14,48.8
333,56.43,54.14,53.45,52.72,52.72,50.05,47.98,54.18,56.91,55.25,56.78,55.7,54.59,54.59,53.46,48.69
334,55.97,53.46,54.14,53.45,52.72,52.72,50.05,56.43,54.18,56.91,55.25,56.78,55.7,54.59,54.59,47.98
335,55.96,54.59,53.46,54.14,53.45,52.72,52.72,55.97,56.43,54.18,56.91,55.25,56.78,55.7,54.59,50.05
336,57.81,54.59,54.59,53.46,54.14,53.45,52.72,55.96,55.97,56.43,54.18,56.91,55.25,56.78,55.7,52.72
337,60.01,55.7,54.59,54.59,53.46,54.14,53.45,57.81,55.96,55.97,56.43,54.18,56.91,55.25,56.78,52.72
338,60.99,56.78,55.7,54.59,54.59,53.46,54.14,60.01,57.81,55.96,55.97,56.43,54.18,56.91,55.25,53.45
339,63.74,55.25,56.78,55.7,54.59,54.59,53.46,60.99,60.01,57.81,55.96,55.97,56.43,54.18,56.91,54.14
340,63.13,56.91,55.25,56.78,55.7,54.59,54.59,63.74,60.99,60.01,57.81,55.96,55.97,56.43,54.18,53.46
341,65.89,54.18,56.91,55.25,56.78,55.7,54.59,63.13,63.74,60.99,60.01,57.81,55.96,55.97,56.43,54.59
342,66.73,56.43,54.18,56.91,55.25,56.78,55.7,65.89,63.13,63.74,60.99,60.01,57.81,55.96,55.97,54.59
343,67.3,55.97,56.43,54.18,56.91,55.25,56.78,66.73,65.89,63.13,63.74,60.99,60.01,57.81,55.96,55.7
344,66.99,55.96,55.97,56.43,54.18,56.91,55.25,67.3,66.73,65.89,63.13,63.74,60.99,60.01,57.81,56.78
345,68.98,57.81,55.96,55.97,56.43,54.18,56.91,66.99,67.3,66.73,65.89,63.13,63.74,60.99,60.01,55.25
346,65.94,60.01,57.81,55.96,55.97,56.43,54.18,68.98,66.99,67.3,66.73,65.89,63.13,63.74,60.99,56.91
347,65.94,60.99,60.01,57.81,55.96,55.97,56.43,65.94,68.98,66.99,67.3,66.73,65.89,63.13,63.74,54.18
348,73.7,63.74,60.99,60.01,57.81,55.96,55.97,65.94,65.94,68.98,66.99,67.3,66.73,65.89,63.13,56.43
349,74.04,63.13,63.74,60.99,60.01,57.81,55.96,73.7,65.94,65.94,68.98,66.99,67.3,66.73,65.89,55.97
350,75.74,65.89,63.13,63.74,60.99,60.01,57.81,74.04,73.7,65.94,65.94,68.98,66.99,67.3,66.73,55.96
351,76.52,66.73,65.89,63.13,63.74,60.99,60.01,75.74,74.04,73.7,65.94,65.94,68.98,66.99,67.3,57.81
352,75.63,67.3,66.73,65.89,63.13,63.74,60.99,76.52,75.74,74.04,73.7,65.94,65.94,68.98,66.99,60.01
353,74.55,66.99,67.3,66.73,65.89,63.13,63.74,75.63,76.52,75.74,74.04,73.7,65.94,65.94,68.98,60.99
354,74.55,68.98,66.99,67.3,66.73,65.89,63.13,74.55,75.63,76.52,75.74,74.04,73.7,65.94,65.94,63.74
355,75.64,65.94,68.98,66.99,67.3,66.73,65.89,74.55,74.55,75.63,76.52,75.74,74.04,73.7,65.94,63.13
356,75.91,65.94,65.94,68.98,66.99,67.3,66.73,75.64,74.55,74.55,75.63,76.52,75.74,74.04,73.7,65.89
357,74.13,73.7,65.94,65.94,68.98,66.99,67.3,75.91,75.64,74.55,74.55,75.63,76.52,75.74,74.04,66.73
358,77.16,74.04,73.7,65.94,65.94,68.98,66.99,74.13,75.91,75.64,74.55,74.55,75.63,76.52,75.74,67.3
359,77.85,75.74,74.04,73.7,65.94,65.94,68.98,77.16,74.13,75.91,75.64,74.55,74.55,75.63,76.52,66.99
360,77.43,76.52,75.74,74.04,73.7,65.94,65.94,77.85,77.16,74.13,75.91,75.64,74.55,74.55,75.63,68.98
361,78.71,75.63,76.52,75.74,74.04,73.7,65.94,77.43,77.85,77.16,74.13,75.91,75.64,74.55,74.55,65.94
362,77.87,74.55,75.63,76.52,75.74,74.04,73.7,78.71,77.43,77.85,77.16,74.13,75.91,75.64,74.55,65.94
363,78.71,74.55,74.55,75.63,76.52,75.74,74.04,77.87,78.71,77.43,77.85,77.16,74.13,75.91,75.64,73.7
364,77.15,75.64,74.55,74.55,75.63,76.52,75.74,78.71,77.87,78.71,77.43,77.85,77.16,74.13,75.91,74.04
365,78.77,75.91,75.64,74.55,74.55,75.63,76.52,77.15,78.71,77.87,78.71,77.43,77.85,77.16,74.13,75.74
366,80.53,74.13,75.91,75.64,74.55,74.55,75.63,78.77,77.15,78.71,77.87,78.71,77.43,77.85,77.16,76.52
367,81.06,77.16,74.13,75.91,75.64,74.55,74.55,80.53,78.77,77.15,78.71,77.87,78.71,77.43,77.85,75.63
368,82.25,77.85,77.16,74.13,75.91,75.64,74.55,81.06,80.53,78.77,77.15,78.71,77.87,78.71,77.43,74.55
369,81.36,77.43,77.85,77.16,74.13,75.91,75.64,82.25,81.06,80.53,78.77,77.15,78.71,77.87,78.71,74.55
370,81.26,78.71,77.43,77.85,77.16,74.13,75.91,81.36,82.25,81.06,80.53,78.77,77.15,78.71,77.87,75.64
371,81.27,77.87,78.71,77.43,77.85,77.16,74.13,81.26,81.36,82.25,81.06,80.53,78.77,77.15,78.71,75.91
372,82.81,78.71,77.87,78.71,77.43,77.85,77.16,81.27,81.26,81.36,82.25,81.06,80.53,78.77,77.15,74.13
373,80.52,77.15,78.71,77.87,78.71,77.43,77.85,82.81,81.27,81.26,81.36,82.25,81.06,80.53,78.77,77.16
374,83.25,78.77,77.15,78.71,77.87,78.71,77.43,80.52,82.81,81.27,81.26,81.36,82.25,81.06,80.53,77.85
375,82.76,80.53,78.77,77.15,78.71,77.87,78.71,83.25,80.52,82.81,81.27,81.26,81.36,82.25,81.06,77.43
376,82.8,81.06,80.53,78.77,77.15,78.71,77.87,82.76,83.25,80.52,82.81,81.27,81.26,81.36,82.25,78.71
377,82.33,82.25,81.06,80.53,78.77,77.15,78.71,82.8,82.76,83.25,80.52,82.81,81.27,81.26,81.36,77.87
378,81.82,81.36,82.25,81.06,80.53,78.77,77.15,82.33,82.8,82.76,83.25,80.52,82.81,81.27,81.26,78.71
379,81.72,81.26,81.36,82.25,81.06,80.53,78.77,81.82,82.33,82.8,82.76,83.25,80.52,82.81,81.27,77.15
380,85.73,81.27,81.26,81.36,82.25,81.06,80.53,81.72,81.82,82.33,82.8,82.76,83.25,80.52,82.81,78.77
381,85.87,82.81,81.27,81.26,81.36,82.25,81.06,85.73,81.72,81.82,82.33,82.8,82.76,83.25,80.52,80.53
382,85.76,80.52,82.81,81.27,81.26,81.36,82.25,85.87,85.73,81.72,81.82,82.33,82.8,82.76,83.25,81.06
383,87.29,83.25,80.52,82.81,81.27,81.26,81.36,85.76,85.87,85.73,81.72,81.82,82.33,82.8,82.76,82.25
384,88.89,82.76,83.25,80.52,82.81,81.27,81.26,87.29,85.76,85.87,85.73,81.72,81.82,82.33,82.8,81.36
385,90.33,82.8,82.76,83.25,80.52,82.81,81.27,88.89,87.29,85.76,85.87,85.73,81.72,81.82,82.33,81.26
386,89.76,82.33,82.8,82.76,83.25,80.52,82.81,90.33,88.89,87.29,85.76,85.87,85.73,81.72,81.82,81.27
387,91.02,81.82,82.33,82.8,82.76,83.25,80.52,89.76,90.33,88.89,87.29,85.76,85.87,85.73,81.72,82.81
388,90.74,81.72,81.82,82.33,82.8,82.76,83.25,91.02,89.76,90.33,88.89,87.29,85.76,85.87,85.73,80.52
389,91.17,85.73,81.72,81.82,82.33,82.8,82.76,90.74,91.02,89.76,90.33,88.89,87.29,85.76,85.87,83.25
390,94.53,85.87,85.73,81.72,81.82,82.33,82.8,91.17,90.74,91.02,89.76,90.33,88.89,87.29,85.76,82.76
391,95.55,85.76,85.87,85.73,81.72,81.82,82.33,94.53,91.17,90.74,91.02,89.76,90.33,88.89,87.29,82.8
392,93.59,87.29,85.76,85.87,85.73,81.72,81.82,95.55,94.53,91.17,90.74,91.02,89.76,90.33,88.89,82.33
393,93.6,88.89,87.29,85.76,85.87,85.73,81.72,93.59,95.55,94.53,91.17,90.74,91.02,89.76,90.33,81.82
394,91.55,90.33,88.89,87.29,85.76,85.87,85.73,93.6,93.59,95.55,94.53,91.17,90.74,91.02,89.76,81.72
395,91.46,89.76,90.33,88.89,87.29,85.76,85.87,91.55,93.6,93.59,95.55,94.53,91.17,90.74,91.02,85.73
396,92.43,91.02,89.76,90.33,88.89,87.29,85.76,91.46,91.55,93.6,93.59,95.55,94.53,91.17,90.74,85.87
397,93.07,90.74,91.02,89.76,90.33,88.89,87.29,92.43,91.46,91.55,93.6,93.59,95.55,94.53,91.17,85.76
398,94.33,91.17,90.74,91.02,89.76,90.33,88.89,93.07,92.43,91.46,91.55,93.6,93.59,95.55,94.53,87.29
399,94.91,94.53,91.17,90.74,91.02,89.76,90.33,94.33,93.07,92.43,91.46,91.55,93.6,93.59,95.55,88.89
400,92.86,95.55,94.53,91.17,90.74,91.02,89.76,94.91,94.33,93.07,92.43,91.46,91.55,93.6,93.59,90.33
401,92.18,93.59,95.55,94.53,91.17,90.74,91.02,92.86,94.91,94.33,93.07,92.43,91.46,91.55,93.6,89.76
402,92.89,93.6,93.59,95.55,94.53,91.17,90.74,92.18,92.86,94.91,94.33,93.07,92.43,91.46,91.55,91.02
403,91.71,91.55,93.6,93.59,95.55,94.53,91.17,92.89,92.18,92.86,94.91,94.33,93.07,92.43,91.46,90.74
404,92.73,91.46,91.55,93.6,93.59,95.55,94.53,91.71,92.89,92.18,92.86,94.91,94.33,93.07,92.43,91.17
405,92.64,92.43,91.46,91.55,93.6,93.59,95.55,92.73,91.71,92.89,92.18,92.86,94.91,94.33,93.07,94.53
406,93.32,93.07,92.43,91.46,91.55,93.6,93.59,92.64,92.73,91.71,92.89,92.18,92.86,94.91,94.33,95.55
407,94.51,94.33,93.07,92.43,91.46,91.55,93.6,93.32,92.64,92.73,91.71,92.89,92.18,92.86,94.91,93.59
408,95.5,94.91,94.33,93.07,92.43,91.46,91.55,94.51,93.32,92.64,92.73,91.71,92.89,92.18,92.86,93.6
409,92.92,92.86,94.91,94.33,93.07,92.43,91.46,95.5,94.51,93.32,92.64,92.73,91.71,92.89,92.18,91.55
410,92.92,92.18,92.86,94.91,94.33,93.07,92.43,92.92,95.5,94.51,93.32,92.64,92.73,91.71,92.89,91.46
411,97.86,92.89,92.18,92.86,94.91,94.33,93.07,92.92,92.92,95.5,94.51,93.32,92.64,92.73,91.71,92.43
412,96.44,91.71,92.89,92.18,92.86,94.91,94.33,97.86,92.92,92.92,95.5,94.51,93.32,92.64,92.73,93.07
413,95.82,92.73,91.71,92.89,92.18,92.86,94.91,96.44,97.86,92.92,92.92,95.5,94.51,93.32,92.64,94.33
414,95.78,92.64,92.73,91.71,92.89,92.18,92.86,95.82,96.44,97.86,92.92,92.92,95.5,94.51,93.32,94.91
415,95.39,93.32,92.64,92.73,91.71,92.89,92.18,95.78,95.82,96.44,97.86,92.92,92.92,95.5,94.51,92.86
416,93.61,94.51,93.32,92.64,92.73,91.71,92.89,95.39,95.78,95.82,96.44,97.86,92.92,92.92,95.5,92.18
417,93.97,95.5,94.51,93.32,92.64,92.73,91.71,93.61,95.39,95.78,95.82,96.44,97.86,92.92,92.92,92.89
418,96.4,92.92,95.5,94.51,93.32,92.64,92.73,93.97,93.61,95.39,95.78,95.82,96.44,97.86,92.92,91.71
419,94.35,92.92,92.92,95.5,94.51,93.32,92.64,96.4,93.97,93.61,95.39,95.78,95.82,96.44,97.86,92.73
420,96.44,97.86,92.92,92.92,95.5,94.51,93.32,94.35,96.4,93.97,93.61,95.39,95.78,95.82,96.44,92.64
421,97.3,96.44,97.86,92.92,92.92,95.5,94.51,96.44,94.35,96.4,93.97,93.61,95.39,95.78,95.82,93.32
422,95.54,95.82,96.44,97.86,92.92,92.92,95.5,97.3,96.44,94.35,96.4,93.97,93.61,95.39,95.78,94.51
423,97.57,95.78,95.82,96.44,97.86,92.92,92.92,95.54,97.3,96.44,94.35,96.4,93.97,93.61,95.39,95.5
424,97.36,95.39,95.78,95.82,96.44,97.86,92.92,97.57,95.54,97.3,96.44,94.35,96.4,93.97,93.61,92.92
425,98.09,93.61,95.39,95.78,95.82,96.44,97.86,97.36,97.57,95.54,97.3,96.44,94.35,96.4,93.97,92.92
426,97.61,93.97,93.61,95.39,95.78,95.82,96.44,98.09,97.36,97.57,95.54,97.3,96.44,94.35,96.4,97.86
427,97.34,96.4,93.97,93.61,95.39,95.78,95.82,97.61,98.09,97.36,97.57,95.54,97.3,96.44,94.35,96.44
428,96.93,94.35,96.4,93.97,93.61,95.39,95.78,97.34,97.61,98.09,97.36,97.57,95.54,97.3,96.44,95.82
429,97.34,96.44,94.35,96.4,93.97,93.61,95.39,96.93,97.34,97.61,98.09,97.36,97.57,95.54,97.3,95.78
430,98.26,97.3,96.44,94.35,96.4,93.97,93.61,97.34,96.93,97.34,97.61,98.09,97.36,97.57,95.54,95.39
431,97.86,95.54,97.3,96.44,94.35,96.4,93.97,98.26,97.34,96.93,97.34,97.61,98.09,97.36,97.57,93.61
432,98.23,97.57,95.54,97.3,96.44,94.35,96.4,97.86,98.26,97.34,96.93,97.34,97.61,98.09,97.36,93.97
433,104.29,97.36,97.57,95.54,97.3,96.44,94.35,98.23,97.86,98.26,97.34,96.93,97.34,97.61,98.09,96.4
434,104.91,98.09,97.36,97.57,95.54,97.3,96.44,104.29,98.23,97.86,98.26,97.34,96.93,97.34,97.61,94.35
435,105.68,97.61,98.09,97.36,97.57,95.54,97.3,104.91,104.29,98.23,97.86,98.26,97.34,96.93,97.34,96.44
436,105.23,97.34,97.61,98.09,97.36,97.57,95.54,105.68,104.91,104.29,98.23,97.86,98.26,97.34,96.93,97.3
437,102.76,96.93,97.34,97.61,98.09,97.36,97.57,105.23,105.68,104.91,104.29,98.23,97.86,98.26,97.34,95.54
438,103.81,97.34,96.93,97.34,97.61,98.09,97.36,102.76,105.23,105.68,104.91,104.29,98.23,97.86,98.26,97.57
439,104.59,98.26,97.34,96.93,97.34,97.61,98.09,103.81,102.76,105.23,105.68,104.91,104.29,98.23,97.86,97.36
440,105.34,97.86,98.26,97.34,96.93,97.34,97.61,104.59,103.81,102.76,105.23,105.68,104.91,104.29,98.23,98.09
441,103.83,98.23,97.86,98.26,97.34,96.93,97.34,105.34,104.59,103.81,102.76,105.23,105.68,104.91,104.29,97.61
442,103.84,104.29,98.23,97.86,98.26,97.34,96.93,103.83,105.34,104.59,103.81,102.76,105.23,105.68,104.91,97.34
443,101.88,104.91,104.29,98.23,97.86,98.26,97.34,103.84,103.83,105.34,104.59,103.81,102.76,105.23,105.68,96.93
444,100.56,105.68,104.91,104.29,98.23,97.86,98.26,101.88,103.84,103.83,105.34,104.59,103.81,102.76,105.23,97.34
445,101.73,105.23,105.68,104.91,104.29,98.23,97.86,100.56,101.88,103.84,103.83,105.34,104.59,103.81,102.76,98.26
446,101.48,102.76,105.23,105.68,104.91,104.29,98.23,101.73,100.56,101.88,103.84,103.83,105.34,104.59,103.81,97.86
447,103.61,103.81,102.76,105.23,105.68,104.91,104.29,101.48,101.73,100.56,101.88,103.84,103.83,105.34,104.59,98.23
448,102.93,104.59,103.81,102.76,105.23,105.68,104.91,103.61,101.48,101.73,100.56,101.88,103.84,103.83,105.34,104.29
449,104.06,105.34,104.59,103.81,102.76,105.23,105.68,102.93,103.61,101.48,101.73,100.56,101.88,103.84,103.83,104.91
450,104.19,103.83,105.34,104.59,103.81,102.76,105.23,104.06,102.93,103.61,101.48,101.73,100.56,101.88,103.84,105.68
451,104.19,103.84,103.83,105.34,104.59,103.81,102.76,104.19,104.06,102.93,103.61,101.48,101.73,100.56,101.88,105.23
452,104.76,101.88,103.84,103.83,105.34,104.59,103.81,104.19,104.19,104.06,102.93,103.61,101.48,101.73,100.56,102.76
453,105.18,100.56,101.88,103.84,103.83,105.34,104.59,104.76,104.19,104.19,104.06,102.93,103.61,101.48,101.73,103.81
454,106.06,101.73,100.56,101.88,103.84,103.83,105.34,105.18,104.76,104.19,104.19,104.06,102.93,103.61,101.48,104.59
455,106.07,101.48,101.73,100.56,101.88,103.84,103.83,106.06,105.18,104.76,104.19,104.19,104.06,102.93,103.61,105.34
456,106.46,103.61,101.48,101.73,100.56,101.88,103.84,106.07,106.06,105.18,104.76,104.19,104.19,104.06,102.93,103.83
457,106.49,102.93,103.61,101.48,101.73,100.56,101.88,106.46,106.07,106.06,105.18,104.76,104.19,104.19,104.06,103.84
458,107.04,104.06,102.93,103.61,101.48,101.73,100.56,106.49,106.46,106.07,106.06,105.18,104.76,104.19,104.19,101.88
459,106.64,104.19,104.06,102.93,103.61,101.48,101.73,107.04,106.49,106.46,106.07,106.06,105.18,104.76,104.19,100.56
460,106.83,104.19,104.19,104.06,102.93,103.61,101.48,106.64,107.04,106.49,106.46,106.07,106.06,105.18,104.76,101.73
461,107.95,104.76,104.19,104.19,104.06,102.93,103.61,106.83,106.64,107.04,106.49,106.46,106.07,106.06,105.18,101.48
462,107.08,105.18,104.76,104.19,104.19,104.06,102.93,107.95,106.83,106.64,107.04,106.49,106.46,106.07,106.06,103.61
463,106.64,106.06,105.18,104.76,104.19,104.19,104.06,107.08,107.95,106.83,106.64,107.04,106.49,106.46,106.07,102.93
464,106.95,106.07,106.06,105.18,104.76,104.19,104.19,106.64,107.08,107.95,106.83,106.64,107.04,106.49,106.46,104.06
465,107.52,106.46,106.07,106.06,105.18,104.76,104.19,106.95,106.64,107.08,107.95,106.83,106.64,107.04,106.49,104.19
466,107.49,106.49,106.46,106.07,106.06,105.18,104.76,107.52,106.95,106.64,107.08,107.95,106.83,106.64,107.04,104.19
467,107.2,107.04,106.49,106.46,106.07,106.06,105.18,107.49,107.52,106.95,106.64,107.08,107.95,106.83,106.64,104.76
468,105.04,106.64,107.04,106.49,106.46,106.07,106.06,107.2,107.49,107.52,106.95,106.64,107.08,107.95,106.83,105.18
469,105.02,106.83,106.64,107.04,106.49,106.46,106.07,105.04,107.2,107.49,107.52,106.95,106.64,107.08,107.95,106.06
470,105.09,107.95,106.83,106.64,107.04,106.49,106.46,105.02,105.04,107.2,107.49,107.52,106.95,106.64,107.08,106.07
471,103.32,107.08,107.95,106.83,106.64,107.04,106.49,105.09,105.02,105.04,107.2,107.49,107.52,106.95,106.64,106.46
472,103.17,106.64,107.08,107.95,106.83,106.64,107.04,103.32,105.09,105.02,105.04,107.2,107.49,107.52,106.95,106.49
473,103.27,106.95,106.64,107.08,107.95,106.83,106.64,103.17,103.32,105.09,105.02,105.04,107.2,107.49,107.52,107.04
474,103.34,107.52,106.95,106.64,107.08,107.95,106.83,103.27,103.17,103.32,105.09,105.02,105.04,107.2,107.49,106.64
475,103.07,107.49,107.52,106.95,106.64,107.08,107.95,103.34,103.27,103.17,103.32,105.09,105.02,105.04,107.2,106.83
476,103.4,107.2,107.49,107.52,106.95,106.64,107.08,103.07,103.34,103.27,103.17,103.32,105.09,105.02,105.04,107.95
477,104.26,105.04,107.2,107.49,107.52,106.95,106.64,103.4,103.07,103.34,103.27,103.17,103.32,105.09,105.02,107.08
478,103.37,105.02,105.04,107.2,107.49,107.52,106.95,104.26,103.4,103.07,103.34,103.27,103.17,103.32,105.09,106.64
479,104.78,105.09,105.02,105.04,107.2,107.49,107.52,103.37,104.26,103.4,103.07,103.34,103.27,103.17,103.32,106.95
480,104.78,103.32,105.09,105.02,105.04,107.2,107.49,104.78,103.37,104.26,103.4,103.07,103.34,103.27,103.17,107.52
481,105.01,103.17,103.32,105.09,105.02,105.04,107.2,104.78,104.78,103.37,104.26,103.4,103.07,103.34,103.27,107.49
482,104.03,103.27,103.17,103.32,105.09,105.02,105.04,105.01,104.78,104.78,103.37,104.26,103.4,103.07,103.34,107.2
483,104.31,103.34,103.27,103.17,103.32,105.09,105.02,104.03,105.01,104.78,104.78,103.37,104.26,103.4,103.07,105.04
484,102.8,103.07,103.34,103.27,103.17,103.32,105.09,104.31,104.03,105.01,104.78,104.78,103.37,104.26,103.4,105.02
485,102.95,103.4,103.07,103.34,103.27,103.17,103.32,102.8,104.31,104.03,105.01,104.78,104.78,103.37,104.26,105.09
486,102.31,104.26,103.4,103.07,103.34,103.27,103.17,102.95,102.8,104.31,104.03,105.01,104.78,104.78,103.37,103.32
487,101.74,103.37,104.26,103.4,103.07,103.34,103.27,102.31,102.95,102.8,104.31,104.03,105.01,104.78,104.78,103.17
488,102.63,104.78,103.37,104.26,103.4,103.07,103.34,101.74,102.31,102.95,102.8,104.31,104.03,105.01,104.78,103.27
489,102.01,104.78,104.78,103.37,104.26,103.4,103.07,102.63,101.74,102.31,102.95,102.8,104.31,104.03,105.01,103.34
490,100.89,105.01,104.78,104.78,103.37,104.26,103.4,102.01,102.63,101.74,102.31,102.95,102.8,104.31,104.03,103.07
491,100.32,104.03,105.01,104.78,104.78,103.37,104.26,100.89,102.01,102.63,101.74,102.31,102.95,102.8,104.31,103.4
492,100.52,104.31,104.03,105.01,104.78,104.78,103.37,100.32,100.89,102.01,102.63,101.74,102.31,102.95,102.8,104.26
493,101.06,102.8,104.31,104.03,105.01,104.78,104.78,100.52,100.32,100.89,102.01,102.63,101.74,102.31,102.95,103.37
494,99.81,102.95,102.8,104.31,104.03,105.01,104.78,101.06,100.52,100.32,100.89,102.01,102.63,101.74,102.31,104.78
495,99.74,102.31,102.95,102.8,104.31,104.03,105.01,99.81,101.06,100.52,100.32,100.89,102.01,102.63,101.74,104.78
496,100.09,101.74,102.31,102.95,102.8,104.31,104.03,99.74,99.81,101.06,100.52,100.32,100.89,102.01,102.63,105.01
497,99.69,102.63,101.74,102.31,102.95,102.8,104.31,100.09,99.74,99.81,101.06,100.52,100.32,100.89,102.01,104.03
498,100.07,102.01,102.63,101.74,102.31,102.95,102.8,99.69,100.09,99.74,99.81,101.06,100.52,100.32,100.89,104.31
499,101.56,100.89,102.01,102.63,101.74,102.31,102.95,100.07,99.69,100.09,99.74,99.81,101.06,100.52,100.32,102.8
500,101.13,100.32,100.89,102.01,102.63,101.74,102.31,101.56,100.07,99.69,100.09,99.74,99.81,101.06,100.52,102.95
501,100.85,100.52,100.32,100.89,102.01,102.63,101.74,101.13,101.56,100.07,99.69,100.09,99.74,99.81,101.06,102.31
502,102.2,101.06,100.52,100.32,100.89,102.01,102.63,100.85,101.13,101.56,100.07,99.69,100.09,99.74,99.81,101.74
503,101.47,99.81,101.06,100.52,100.32,100.89,102.01,102.2,100.85,101.13,101.56,100.07,99.69,100.09,99.74,102.63
504,101.69,99.74,99.81,101.06,100.52,100.32,100.89,101.47,102.2,100.85,101.13,101.56,100.07,99.69,100.09,102.01
505,104.35,100.09,99.74,99.81,101.06,100.52,100.32,101.69,101.47,102.2,100.85,101.13,101.56,100.07,99.69,100.89
506,104.35,99.69,100.09,99.74,99.81,101.06,100.52,104.35,101.69,101.47,102.2,100.85,101.13,101.56,100.07,100.32
507,104.33,100.07,99.69,100.09,99.74,99.81,101.06,104.35,104.35,101.69,101.47,102.2,100.85,101.13,101.56,100.52
508,103.71,101.56,100.07,99.69,100.09,99.74,99.81,104.33,104.35,104.35,101.69,101.47,102.2,100.85,101.13,101.06
509,103.7,101.13,101.56,100.07,99.69,100.09,99.74,103.71,104.33,104.35,104.35,101.69,101.47,102.2,100.85,99.81
510,104.05,100.85,101.13,101.56,100.07,99.69,100.09,103.7,103.71,104.33,104.35,104.35,101.69,101.47,102.2,99.74
511,103.68,102.2,100.85,101.13,101.56,100.07,99.69,104.05,103.7,103.71,104.33,104.35,104.35,101.69,101.47,100.09
512,103.37,101.47,102.2,100.85,101.13,101.56,100.07,103.68,104.05,103.7,103.71,104.33,104.35,104.35,101.69,99.69
513,103.55,101.69,101.47,102.2,100.85,101.13,101.56,103.37,103.68,104.05,103.7,103.71,104.33,104.35,104.35,100.07
514,102.57,104.35,101.69,101.47,102.2,100.85,101.13,103.55,103.37,103.68,104.05,103.7,103.71,104.33,104.35,101.56
515,100.43,104.35,104.35,101.69,101.47,102.2,100.85,102.57,103.55,103.37,103.68,104.05,103.7,103.71,104.33,101.13
516,101.16,104.33,104.35,104.35,101.69,101.47,102.2,100.43,102.57,103.55,103.37,103.68,104.05,103.7,103.71,100.85
517,100.29,103.71,104.33,104.35,104.35,101.69,101.47,101.16,100.43,102.57,103.55,103.37,103.68,104.05,103.7,102.2
518,99.6,103.7,103.71,104.33,104.35,104.35,101.69,100.29,101.16,100.43,102.57,103.55,103.37,103.68,104.05,101.47
519,99.69,104.05,103.7,103.71,104.33,104.35,104.35,99.6,100.29,101.16,100.43,102.57,103.55,103.37,103.68,101.69
520,101.57,103.68,104.05,103.7,103.71,104.33,104.35,99.69,99.6,100.29,101.16,100.43,102.57,103.55,103.37,104.35
521,101.73,103.37,103.68,104.05,103.7,103.71,104.33,101.57,99.69,99.6,100.29,101.16,100.43,102.57,103.55,104.35
522,101.25,103.55,103.37,103.68,104.05,103.7,103.71,101.73,101.57,99.69,99.6,100.29,101.16,100.43,102.57,104.33
523,100.61,102.57,103.55,103.37,103.68,104.05,103.7,101.25,101.73,101.57,99.69,99.6,100.29,101.16,100.43,103.71
524,99.66,100.43,102.57,103.55,103.37,103.68,104.05,100.61,101.25,101.73,101.57,99.69,99.6,100.29,101.16,103.7
525,100.05,101.16,100.43,102.57,103.55,103.37,103.68,99.66,100.61,101.25,101.73,101.57,99.69,99.6,100.29,104.05
526,99.97,100.29,101.16,100.43,102.57,103.55,103.37,100.05,99.66,100.61,101.25,101.73,101.57,99.69,99.6,103.68
527,99.68,99.6,100.29,101.16,100.43,102.57,103.55,99.97,100.05,99.66,100.61,101.25,101.73,101.57,99.69,103.37
528,100.71,99.69,99.6,100.29,101.16,100.43,102.57,99.68,99.97,100.05,99.66,100.61,101.25,101.73,101.57,103.55
529,100.08,101.57,99.69,99.6,100.29,101.16,100.43,100.71,99.68,99.97,100.05,99.66,100.61,101.25,101.73,102.57
530,98.43,101.73,101.57,99.69,99.6,100.29,101.16,100.08,100.71,99.68,99.97,100.05,99.66,100.61,101.25,100.43
531,99.23,101.25,101.73,101.57,99.69,99.6,100.29,98.43,100.08,100.71,99.68,99.97,100.05,99.66,100.61,101.16
532,98.57,100.61,101.25,101.73,101.57,99.69,99.6,99.23,98.43,100.08,100.71,99.68,99.97,100.05,99.66,100.29
533,98.29,99.66,100.61,101.25,101.73,101.57,99.69,98.57,99.23,98.43,100.08,100.71,99.68,99.97,100.05,99.6
534,100.29,100.05,99.66,100.61,101.25,101.73,101.57,98.29,98.57,99.23,98.43,100.08,100.71,99.68,99.97,99.69
535,101.39,99.97,100.05,99.66,100.61,101.25,101.73,100.29,98.29,98.57,99.23,98.43,100.08,100.71,99.68,101.57
536,102.82,99.68,99.97,100.05,99.66,100.61,101.25,101.39,100.29,98.29,98.57,99.23,98.43,100.08,100.71,101.73
537,101.82,100.71,99.68,99.97,100.05,99.66,100.61,102.82,101.39,100.29,98.29,98.57,99.23,98.43,100.08,101.25
538,101.75,100.08,100.71,99.68,99.97,100.05,99.66,101.82,102.82,101.39,100.29,98.29,98.57,99.23,98.43,100.61
539,103.64,98.43,100.08,100.71,99.68,99.97,100.05,101.75,101.82,102.82,101.39,100.29,98.29,98.57,99.23,99.66
540,105.34,99.23,98.43,100.08,100.71,99.68,99.97,103.64,101.75,101.82,102.82,101.39,100.29,98.29,98.57,100.05
541,102.88,98.57,99.23,98.43,100.08,100.71,99.68,105.34,103.64,101.75,101.82,102.82,101.39,100.29,98.29,99.97
542,102.68,98.29,98.57,99.23,98.43,100.08,100.71,102.88,105.34,103.64,101.75,101.82,102.82,101.39,100.29,99.68
543,102.93,100.29,98.29,98.57,99.23,98.43,100.08,102.68,102.88,105.34,103.64,101.75,101.82,102.82,101.39,100.71
544,102.2,101.39,100.29,98.29,98.57,99.23,98.43,102.93,102.68,102.88,105.34,103.64,101.75,101.82,102.82,100.08
545,103.17,102.82,101.39,100.29,98.29,98.57,99.23,102.2,102.93,102.68,102.88,105.34,103.64,101.75,101.82,98.43
546,102.53,101.82,102.82,101.39,100.29,98.29,98.57,103.17,102.2,102.93,102.68,102.88,105.34,103.64,101.75,99.23
547,103.2,101.75,101.82,102.82,101.39,100.29,98.29,102.53,103.17,102.2,102.93,102.68,102.88,105.34,103.64,98.57
548,103.46,103.64,101.75,101.82,102.82,101.39,100.29,103.2,102.53,103.17,102.2,102.93,102.68,102.88,105.34,98.29
549,102.54,105.34,103.64,101.75,101.82,102.82,101.39,103.46,103.2,102.53,103.17,102.2,102.93,102.68,102.88,100.29
550,102.54,102.88,105.34,103.64,101.75,101.82,102.82,102.54,103.46,103.2,102.53,103.17,102.2,102.93,102.68,101.39
551,100.31,102.68,102.88,105.34,103.64,101.75,101.82,102.54,102.54,103.46,103.2,102.53,103.17,102.2,102.93,102.82
552,100.27,102.93,102.68,102.88,105.34,103.64,101.75,100.31,102.54,102.54,103.46,103.2,102.53,103.17,102.2,101.82
553,100.38,102.2,102.93,102.68,102.88,105.34,103.64,100.27,100.31,102.54,102.54,103.46,103.2,102.53,103.17,101.75
554,99.96,103.17,102.2,102.93,102.68,102.88,105.34,100.38,100.27,100.31,102.54,102.54,103.46,103.2,102.53,103.64
555,100.12,102.53,103.17,102.2,102.93,102.68,102.88,99.96,100.38,100.27,100.31,102.54,102.54,103.46,103.2,105.34
556,99.98,103.2,102.53,103.17,102.2,102.93,102.68,100.12,99.96,100.38,100.27,100.31,102.54,102.54,103.46,102.88
557,97.84,103.46,103.2,102.53,103.17,102.2,102.93,99.98,100.12,99.96,100.38,100.27,100.31,102.54,102.54,102.68
558,97.4,102.54,103.46,103.2,102.53,103.17,102.2,97.84,99.98,100.12,99.96,100.38,100.27,100.31,102.54,102.93
559,97.24,102.54,102.54,103.46,103.2,102.53,103.17,97.4,97.84,99.98,100.12,99.96,100.38,100.27,100.31,102.2
560,96.44,100.31,102.54,102.54,103.46,103.2,102.53,97.24,97.4,97.84,99.98,100.12,99.96,100.38,100.27,103.17
561,97.55,100.27,100.31,102.54,102.54,103.46,103.2,96.44,97.24,97.4,97.84,99.98,100.12,99.96,100.38,102.53
562,98.25,100.38,100.27,100.31,102.54,102.54,103.46,97.55,96.44,97.24,97.4,97.84,99.98,100.12,99.96,103.2
563,97.34,99.96,100.38,100.27,100.31,102.54,102.54,98.25,97.55,96.44,97.24,97.4,97.84,99.98,100.12,103.46
564,97.49,100.12,99.96,100.38,100.27,100.31,102.54,97.34,98.25,97.55,96.44,97.24,97.4,97.84,99.98,102.54
565,95.82,99.98,100.12,99.96,100.38,100.27,100.31,97.49,97.34,98.25,97.55,96.44,97.24,97.4,97.84,102.54
566,96.66,97.84,99.98,100.12,99.96,100.38,100.27,95.82,97.49,97.34,98.25,97.55,96.44,97.24,97.4,100.31
567,97.23,97.4,97.84,99.98,100.12,99.96,100.38,96.66,95.82,97.49,97.34,98.25,97.55,96.44,97.24,100.27
568,96.35,97.24,97.4,97.84,99.98,100.12,99.96,97.23,96.66,95.82,97.49,97.34,98.25,97.55,96.44,100.38
569,94.51,96.44,97.24,97.4,97.84,99.98,100.12,96.35,97.23,96.66,95.82,97.49,97.34,98.25,97.55,99.96
570,94.51,97.55,96.44,97.24,97.4,97.84,99.98,94.51,96.35,97.23,96.66,95.82,97.49,97.34,98.25,100.12
571,93.96,98.25,97.55,96.44,97.24,97.4,97.84,94.51,94.51,96.35,97.23,96.66,95.82,97.49,97.34,99.98
572,93.54,97.34,98.25,97.55,96.44,97.24,97.4,93.96,94.51,94.51,96.35,97.23,96.66,95.82,97.49,97.84
573,93.78,97.49,97.34,98.25,97.55,96.44,97.24,93.54,93.96,94.51,94.51,96.35,97.23,96.66,95.82,97.4
574,92.15,95.82,97.49,97.34,98.25,97.55,96.44,93.78,93.54,93.96,94.51,94.51,96.35,97.23,96.66,97.24
575,91.45,96.66,95.82,97.49,97.34,98.25,97.55,92.15,93.78,93.54,93.96,94.51,94.51,96.35,97.23,96.44
576,92.39,97.23,96.66,95.82,97.49,97.34,98.25,91.45,92.15,93.78,93.54,93.96,94.51,94.51,96.35,97.55
577,91.36,96.35,97.23,96.66,95.82,97.49,97.34,92.39,91.45,92.15,93.78,93.54,93.96,94.51,94.51,98.25
578,91.9,94.51,96.35,97.23,96.66,95.82,97.49,91.36,92.39,91.45,92.15,93.78,93.54,93.96,94.51,97.34
579,93.31,94.51,94.51,96.35,97.23,96.66,95.82,91.9,91.36,92.39,91.45,92.15,93.78,93.54,93.96,97.49
580,93.12,93.96,94.51,94.51,96.35,97.23,96.66,93.31,91.9,91.36,92.39,91.45,92.15,93.78,93.54,95.82
581,93.66,93.54,93.96,94.51,94.51,96.35,97.23,93.12,93.31,91.9,91.36,92.39,91.45,92.15,93.78,96.66
582,95.14,93.78,93.54,93.96,94.51,94.51,96.35,93.66,93.12,93.31,91.9,91.36,92.39,91.45,92.15,97.23
583,95.14,92.15,93.78,93.54,93.96,94.51,94.51,95.14,93.66,93.12,93.31,91.9,91.36,92.39,91.45,96.35
584,98.17,91.45,92.15,93.78,93.54,93.96,94.51,95.14,95.14,93.66,93.12,93.31,91.9,91.36,92.39,94.51
585,98.9,92.39,91.45,92.15,93.78,93.54,93.96,98.17,95.14,95.14,93.66,93.12,93.31,91.9,91.36,94.51
586,99.94,91.36,92.39,91.45,92.15,93.78,93.54,98.9,98.17,95.14,95.14,93.66,93.12,93.31,91.9,93.96
587,99.18,91.9,91.36,92.39,91.45,92.15,93.78,99.94,98.9,98.17,95.14,95.14,93.66,93.12,93.31,93.54
588,99.18,93.31,91.9,91.36,92.39,91.45,92.15,99.18,99.94,98.9,98.17,95.14,95.14,93.66,93.12,93.78
589,98.87,93.12,93.31,91.9,91.36,92.39,91.45,99.18,99.18,99.94,98.9,98.17,95.14,95.14,93.66,92.15
590,98.62,93.66,93.12,93.31,91.9,91.36,92.39,98.87,99.18,99.18,99.94,98.9,98.17,95.14,95.14,91.45
591,99.11,95.14,93.66,93.12,93.31,91.9,91.36,98.62,98.87,99.18,99.18,99.94,98.9,98.17,95.14,92.39
592,98.4,95.14,95.14,93.66,93.12,93.31,91.9,99.11,98.62,98.87,99.18,99.18,99.94,98.9,98.17,91.36
593,97.59,98.17,95.14,95.14,93.66,93.12,93.31,98.4,99.11,98.62,98.87,99.18,99.18,99.94,98.9,91.9
594,96.99,98.9,98.17,95.14,95.14,93.66,93.12,97.59,98.4,99.11,98.62,98.87,99.18,99.18,99.94,93.31
595,97.18,99.94,98.9,98.17,95.14,95.14,93.66,96.99,97.59,98.4,99.11,98.62,98.87,99.18,99.18,93.12
596,96.27,99.18,99.94,98.9,98.17,95.14,95.14,97.18,96.99,97.59,98.4,99.11,98.62,98.87,99.18,93.66
597,97.21,99.18,99.18,99.94,98.9,98.17,95.14,96.27,97.18,96.99,97.59,98.4,99.11,98.62,98.87,95.14
598,97.25,98.87,99.18,99.18,99.94,98.9,98.17,97.21,96.27,97.18,96.99,97.59,98.4,99.11,98.62,95.14
599,98.32,98.62,98.87,99.18,99.18,99.94,98.9,97.25,97.21,96.27,97.18,96.99,97.59,98.4,99.11,98.17
